financial_year,insurer,uin,product_name,date_of_approval,document_url,document_filename,local_file_path,r2_url,type_of_product,archive_status,scraped_at
2022-2023,Bajaj Allianz General Insurance Co. Ltd.,BAJHLIP23020V012223,Global Health Care,06-05-2022,https://irdai.gov.in/documents/37343/931203/BAJHLIP23020V012223.pdf/fc18c97a-baf7-336e-bd80-e637b32dcb7d?version=1.0&t=1667711515563&download=true,BAJHLIP23020V012223.pdf,,https://insurance-data.r2.dev/health/2022-2023/Bajaj-Allianz-General-Insurance-Co.-Ltd./BAJHLIP23020V012223_Global-Health-Care.pdf,Individual,Non-Archived,2025-12-01T04:39:00.833624
2022-2023,HDFC ERGO General Insurance Company Limited.,HDFHLIP23024V072223,Easy Health,20-05-2022,https://irdai.gov.in/documents/37343/931203/HDFHLIP23024V072223.pdf/4bb864b2-c358-cde0-9230-9ae57c2097cd?version=1.0&t=1667711499204&download=true,HDFHLIP23024V072223.pdf,,https://insurance-data.r2.dev/health/2022-2023/HDFC-ERGO-General-Insurance-Company-Limited./HDFHLIP23024V072223_Easy-Health.pdf,Revision,Non-Archived,2025-12-01T04:39:00.834008
2022-2023,Navi General Insurance Ltd.,NAVHLIP23003V012223,Navi Smart Health,01-04-2022,https://irdai.gov.in/documents/37343/931203/NAVHLIP23003V012223.pdf/9577514a-6bf3-b51e-5a54-5e7f050e2550?version=1.0&t=1669349979791&download=true,NAVHLIP23003V012223.pdf,,https://insurance-data.r2.dev/health/2022-2023/Navi-General-Insurance-Ltd./NAVHLIP23003V012223_Navi-Smart-Health.pdf,Individual,Non-Archived,2025-12-01T04:39:00.834534
2022-2023,Niva Bupa Health Insurance Company Limited,NBHHLIP23007V052223,Health Companion,05-05-2022,https://irdai.gov.in/documents/37343/931203/NBHHLIP23007V052223.pdf/106c00c6-3b29-7c1c-afea-770854505528?version=1.0&t=1669350170763&download=true,NBHHLIP23007V052223.pdf,,https://insurance-data.r2.dev/health/2022-2023/Niva-Bupa-Health-Insurance-Company-Limited/NBHHLIP23007V052223_Health-Companion.pdf,Revision,Non-Archived,2025-12-01T04:39:00.834647
2022-2023,SBI General Insurance Company Limited,SBIHLIP23050V012223,Super Health Insurance,23-06-2022,https://irdai.gov.in/documents/37343/931203/SBIHLIP23050V012223.pdf/de34fc22-e5b0-d313-41b1-9bcd4243d600?version=1.0&t=1669351245742&download=true,SBIHLIP23050V012223.pdf,,https://insurance-data.r2.dev/health/2022-2023/SBI-General-Insurance-Company-Limited/SBIHLIP23050V012223_Super-Health-Insurance.pdf,Individual,Non-Archived,2025-12-01T04:39:00.835206
2022-2023,Shriram General Insurance Co. Ltd,SGLHLIP23019V012223,Shri Sarv -Care Health Benefit Package Policy,26-04-2022,https://irdai.gov.in/documents/37343/931203/SGLHLIP23019V012223.pdf/513a488f-883e-f853-8faa-df485b623e3a?version=1.0&t=1669351648133&download=true,SGLHLIP23019V012223.pdf,,https://insurance-data.r2.dev/health/2022-2023/Shriram-General-Insurance-Co.-Ltd/SGLHLIP23019V012223_Shri-Sarv-Care-Health-Benefit-Package-Policy.pdf,Individual,Non-Archived,2025-12-01T04:39:00.835447
2022-2023,Star Health And Allied Insurance Co. Ltd,SHAHLIP23017V012223,Star Health Assure Insurance Policy,22-04-2022,https://irdai.gov.in/documents/37343/931203/SHAHLIP23017V012223.pdf/f5426aca-4328-7a97-f93a-aba9e739e2bb?version=1.0&t=1669352686338&download=true,SHAHLIP23017V012223.pdf,,https://insurance-data.r2.dev/health/2022-2023/Star-Health-And-Allied-Insurance-Co.-Ltd/SHAHLIP23017V012223_Star-Health-Assure-Insurance-Policy.pdf,Individual,Non-Archived,2025-12-01T04:39:00.835777
2022-2023,The New India Assurance Company Limited,NIAHLIP22025V012223,Yuva Bharat Health Policy,20-05-2022,https://irdai.gov.in/documents/37343/931203/NIAHLIP22025V012223.pdf/bdf10a99-9cc4-8bf3-2fd7-d3d34664f505?version=1.0&t=1669353303176&download=true,NIAHLIP22025V012223.pdf,,https://insurance-data.r2.dev/health/2022-2023/The-New-India-Assurance-Company-Limited/NIAHLIP22025V012223_Yuva-Bharat-Health-Policy.pdf,Individual,Non-Archived,2025-12-01T04:39:00.836102
2022-2023,The Oriental Insurance Company Limited,OICHLIP22010V042223,Happy Family Floater Policy 2021,11-04-2022,https://irdai.gov.in/documents/37343/931203/OICHLIP22010V042223.pdf/b8f4f473-3670-8936-c219-d87881338353?version=1.0&t=1669353756992&download=true,OICHLIP22010V042223.pdf,,https://insurance-data.r2.dev/health/2022-2023/The-Oriental-Insurance-Company-Limited/OICHLIP22010V042223_Happy-Family-Floater-Policy-2021.pdf,Individual,Non-Archived,2025-12-01T04:39:00.836210
2022-2023,Universal Sompo General Insurance Co.,UNIHLIP23006V032223,Complete Health Care Insurance,05-04-2022,https://irdai.gov.in/documents/37343/931203/UNIHLIP23006V032223.pdf/a78a1bbf-533e-247a-b9a0-136768029158?version=1.0&t=1669354136950&download=true,UNIHLIP23006V032223.pdf,,https://insurance-data.r2.dev/health/2022-2023/Universal-Sompo-General-Insurance-Co./UNIHLIP23006V032223_Complete-Health-Care-Insurance.pdf,Revision,Non-Archived,2025-12-01T04:39:00.836447
2021-2022,Niva Bupa Health Insurance co ltd,NBHHLIP22155V032122,Health Pulse,03-09-2021,https://irdai.gov.in/documents/37343/931203/NBHHLIP22155V032122_HEALTH2136.pdf/bbc8c177-4cef-4002-123e-6d72fefccb33?version=1.1&t=1668766849277&download=true,NBHHLIP22155V032122_HEALTH2136.pdf,,https://insurance-data.r2.dev/health/2021-2022/Niva-Bupa-Health-Insurance-co-ltd/NBHHLIP22155V032122_Health-Pulse.pdf,Revision,Non-Archived,2025-12-01T04:39:00.838386
2021-2022,SBI General Insurance Co.Ltd.,SBIHLIP22138V042122,Health Insurance Policy – Retail,30-07-2021,https://irdai.gov.in/documents/37343/931203/SBIHLIP22138V042122_HEALTH2144.pdf/93390802-d6e4-8a5b-df26-8e5c71b3332c?version=1.1&t=1668767321266&download=true,SBIHLIP22138V042122_HEALTH2144.pdf,,https://insurance-data.r2.dev/health/2021-2022/SBI-General-Insurance-Co.Ltd./SBIHLIP22138V042122_Health-Insurance-Policy-–-Retail.pdf,Revision,Non-Archived,2025-12-01T04:39:00.839165
2021-2022,ICICI Lombard GI Co. Ltd.,ICIHLGP22083V022122,Health Shield 360,02-07-2021,https://irdai.gov.in/documents/37343/931203/ICIHLGP22083V022122_HEALTH2101.pdf/6b5ac086-3668-d92b-1d2d-0935976be059?version=1.1&t=1668842885975&download=true,ICIHLGP22083V022122_HEALTH2101.pdf,,https://insurance-data.r2.dev/health/2021-2022/ICICI-Lombard-GI-Co.-Ltd./ICIHLGP22083V022122_Health-Shield-360.pdf,Revision,Non-Archived,2025-12-01T04:39:00.840157
2021-2022,Bajaj Allianz General Insuarnce Co. Ltd,BAJHLIP22192V032122,Silver Health,01-04-2021,https://irdai.gov.in/documents/37343/931203/Silver+Health.pdf/8a2f35ac-0a8e-6e8e-d284-a44ea3c60caa?version=1.1&t=1668753337593&download=true,Silver Health.pdf,,https://insurance-data.r2.dev/health/2021-2022/Bajaj-Allianz-General-Insuarnce-Co.-Ltd/BAJHLIP22192V032122_Silver-Health.pdf,Health,Non-Archived,2025-12-01T04:39:03.831130
2021-2022,Care Health Insurance Co. Ltd,CHIHLIP22071V012122,Care Classic,22-06-2021,https://irdai.gov.in/documents/37343/931203/Care+Classic.pdf/7be83790-6e88-553b-b72b-a21de4930483?version=1.2&t=1668753400254&download=true,Care Classic.pdf,,https://insurance-data.r2.dev/health/2021-2022/Care-Health-Insurance-Co.-Ltd/CHIHLIP22071V012122_Care-Classic.pdf,Health,Non-Archived,2025-12-01T04:39:03.831242
2021-2022,Cholamandalam MS General Insurance Co. Ltd.,CHOHLGA22186V012122,Home Care Treatment,30-11-2021,https://irdai.gov.in/documents/37343/931203/Home+Care+Treatment.pdf/4aa44fe5-b9bf-4668-4302-7afa1ad3ac27?version=1.1&t=1668923300238&download=true,Home Care Treatment.pdf,,https://insurance-data.r2.dev/health/2021-2022/Cholamandalam-MS-General-Insurance-Co.-Ltd./CHOHLGA22186V012122_Home-Care-Treatment.pdf,Health,Non-Archived,2025-12-01T04:39:03.831372
2021-2022,Future Generali India Insurance Co. Ltd,FGIHLIP22189V032122,Health Total,12-12-2021,https://irdai.gov.in/documents/37343/931203/Health+Total.pdf/1686e404-21d0-da0a-e815-8d1c2e52bc5c?version=1.1&t=1668923517128&download=true,Health Total.pdf,,https://insurance-data.r2.dev/health/2021-2022/Future-Generali-India-Insurance-Co.-Ltd/FGIHLIP22189V032122_Health-Total.pdf,Health,Non-Archived,2025-12-01T04:39:03.831596
2021-2022,HDFC ERGO General Insurance Company Ltd.,HDFHLIP22193V072122,Optima Restore,28-12-2021,https://irdai.gov.in/documents/37343/931203/Optima+Restore.pdf/65c079a4-f778-55c7-8056-0726c695130a?version=1.1&t=1668753919263&download=true,Optima Restore.pdf,,https://insurance-data.r2.dev/health/2021-2022/HDFC-ERGO-General-Insurance-Company-Ltd./HDFHLIP22193V072122_Optima-Restore.pdf,health,Non-Archived,2025-12-01T04:39:03.832035
2021-2022,United India Insurance Co. Ltd.,UIIHLIP22180V042122,Individual Health Insurance Policy - Platinum / Gold / Senior Citizen,12-11-2021,https://irdai.gov.in/documents/37343/931203/Family+Medicare+Policy.pdf/891ed605-d97f-f8a7-c535-11249898eb05?version=1.1&t=1668754871496&download=true,Family Medicare Policy.pdf,,https://insurance-data.r2.dev/health/2021-2022/United-India-Insurance-Co.-Ltd./UIIHLIP22180V042122_Individual-Health-Insurance-Policy-Platinum-Gold-Senior-Citizen.pdf,Health,Non-Archived,2025-12-01T04:39:03.833142
2021-2022,ICICI Lombard GI Co. Ltd.,ICIHLIP22096V062122,ICICI LOMBARD COMPLETE HEALTH INSURANCE,02-07-2021,https://irdai.gov.in/documents/37343/931203/ICIHLIP22096V062122_HEALTH2106.pdf/6c9576c3-390b-6248-02c8-9948deaadafa?version=1.1&t=1668843201917&download=true,ICIHLIP22096V062122_HEALTH2106.pdf,,https://insurance-data.r2.dev/health/2021-2022/ICICI-Lombard-GI-Co.-Ltd./ICIHLIP22096V062122_ICICI-LOMBARD-COMPLETE-HEALTH-INSURANCE.pdf,Revision,Non-Archived,2025-12-01T04:39:03.833375
2021-2022,Navi General Insurance Ltd.,NAVHLIP22133V012122,Navi Health,28-07-2021,https://irdai.gov.in/documents/37343/931203/NAVHLIP22133V012122_HEALTH2130.pdf/159064ee-8a78-190f-c16f-b1475dda7c8b?version=1.1&t=1668766291039&download=true,NAVHLIP22133V012122_HEALTH2130.pdf,,https://insurance-data.r2.dev/health/2021-2022/Navi-General-Insurance-Ltd./NAVHLIP22133V012122_Navi-Health.pdf,Retail,Non-Archived,2025-12-01T04:39:03.836008
2021-2022,Niva Bupa Health Insurance co ltd,NBHHLGP22157V032122,Health Plus,03-09-2021,https://irdai.gov.in/documents/37343/931203/NBHHLGP22157V032122_HEALTH2133.pdf/d42b6618-5599-a23f-d15b-fba3b8f248cd?version=1.1&t=1668766547385&download=true,NBHHLGP22157V032122_HEALTH2133.pdf,,https://insurance-data.r2.dev/health/2021-2022/Niva-Bupa-Health-Insurance-co-ltd/NBHHLGP22157V032122_Health-Plus.pdf,Revision,Non-Archived,2025-12-01T04:39:03.836346
2021-2022,Niva Bupa Health Insurance co ltd,NBHHLIP22151V012122,"Arogya Sanjeevani, Niva Bupa Health Insurance Co. Ltd.",24-08-2021,https://irdai.gov.in/documents/37343/931203/NBHHLIP22151V012122_HEALTH2134.pdf/ddc465e4-2012-c8bf-c582-7463e0c75c74?version=1.1&t=1668766621195&download=true,NBHHLIP22151V012122_HEALTH2134.pdf,,"https://insurance-data.r2.dev/health/2021-2022/Niva-Bupa-Health-Insurance-co-ltd/NBHHLIP22151V012122_Arogya-Sanjeevani,-Niva-Bupa-Health-Insurance-Co.-Ltd..pdf",Revision,Non-Archived,2025-12-01T04:39:03.836464
2021-2022,Niva Bupa Health Insurance co ltd,NBHHLIP22152V012122,"Corona Kavach Policy, Niva Bupa Health Insurance Co. Ltd.",24-08-2021,https://irdai.gov.in/documents/37343/931203/NBHHLIP22152V012122_HEALTH2135.pdf/3ba2ec6e-e679-02cb-c1c1-07a1f121c163?version=1.1&t=1668766723171&download=true,NBHHLIP22152V012122_HEALTH2135.pdf,,"https://insurance-data.r2.dev/health/2021-2022/Niva-Bupa-Health-Insurance-co-ltd/NBHHLIP22152V012122_Corona-Kavach-Policy,-Niva-Bupa-Health-Insurance-Co.-Ltd..pdf",Revision,Non-Archived,2025-12-01T04:39:03.836574
2021-2022,Edelweiss General Insurance Co. Ltd.,EDLHLIP21012V012122,Edelweiss HealthPlus Policy,21-04-2021,https://irdai.gov.in/documents/37343/931203/EDLHLIP21012V012122_HEALTH2008.pdf/a1dc22a0-a079-26ea-43a6-8b666ced26a9?version=1.1&t=1668844676012&download=true,EDLHLIP21012V012122_HEALTH2008.pdf,,https://insurance-data.r2.dev/health/2021-2022/Edelweiss-General-Insurance-Co.-Ltd./EDLHLIP21012V012122_Edelweiss-HealthPlus-Policy.pdf,Individual,Non-Archived,2025-12-01T04:39:06.666054
2021-2022,Navi General Insurance Ltd.,NAVHLIP22059V032122,Navi Health Seasonal Byte,18-06-2021,https://irdai.gov.in/documents/37343/931203/NAVHLIP22059V032122_HEALTH2035.pdf/db59fe2a-487e-a53d-2c9c-c8fbcf01289b?version=1.1&t=1668767515143&download=true,NAVHLIP22059V032122_HEALTH2035.pdf,,https://insurance-data.r2.dev/health/2021-2022/Navi-General-Insurance-Ltd./NAVHLIP22059V032122_Navi-Health-Seasonal-Byte.pdf,Revision,Non-Archived,2025-12-01T04:39:06.669058
2021-2022,National Insurance Co. Ltd.,NICHLIP22045V012122,BoB National Health Policy,09-06-2021,https://irdai.gov.in/documents/37343/931203/NICHLIP22045V012122_HEALTH2043.pdf/b289760a-267a-2aeb-02b6-71e1d1468e3f?version=1.1&t=1668768608587&download=true,NICHLIP22045V012122_HEALTH2043.pdf,,https://insurance-data.r2.dev/health/2021-2022/National-Insurance-Co.-Ltd./NICHLIP22045V012122_BoB-National-Health-Policy.pdf,New,Non-Archived,2025-12-01T04:39:06.669938
2021-2022,Star Health & Allied Insurance Co. Ltd.,SHAHLIP21011V052122,Family Health Optima,20-04-2021,https://irdai.gov.in/documents/37343/931203/SHAHLIP21011V052122_HEALTH2048.pdf/0908d10e-0e74-d775-1951-b1ada54d999a?version=1.1&t=1668769888118&download=true,SHAHLIP21011V052122_HEALTH2048.pdf,,https://insurance-data.r2.dev/health/2021-2022/Star-Health-&-Allied-Insurance-Co.-Ltd./SHAHLIP21011V052122_Family-Health-Optima.pdf,Revision,Non-Archived,2025-12-01T04:39:06.670503
2021-2022,Star Health & Allied Insurance Co. Ltd.,SHAHLIP22027V032122,"Arogya Sanjeevani Policy, Star Health and Allied Insurance Co Ltd.”",31-05-2021,https://irdai.gov.in/documents/37343/931203/SHAHLIP22027V032122_HEALTH2049.pdf/f4d863fa-cd41-e55d-d747-d2ff2d88d060?version=1.1&t=1668769933635&download=true,SHAHLIP22027V032122_HEALTH2049.pdf,,"https://insurance-data.r2.dev/health/2021-2022/Star-Health-&-Allied-Insurance-Co.-Ltd./SHAHLIP22027V032122_Arogya-Sanjeevani-Policy,-Star-Health-and-Allied-Insurance-Co-Ltd.”.pdf",Revision,Non-Archived,2025-12-01T04:39:06.670615
2021-2022,Star Health & Allied Insurance Co. Ltd.,SHAHLIP22030V062122,Family Health Optima Insurance Plan,31-05-2021,https://irdai.gov.in/documents/37343/931203/SHAHLIP22030V062122_HEALTH2052.pdf/1656a56f-10ec-f930-2175-146470c26773?version=1.1&t=1668770129657&download=true,SHAHLIP22030V062122_HEALTH2052.pdf,,https://insurance-data.r2.dev/health/2021-2022/Star-Health-&-Allied-Insurance-Co.-Ltd./SHAHLIP22030V062122_Family-Health-Optima-Insurance-Plan.pdf,Revision,Non-Archived,2025-12-01T04:39:06.670939
